product_id,product_rating
SHOEH4KM2W3Z6EH5,5.0
VANDZY4YZFPEG85T,3.0
CGNEDFY77SGZTEQ2,3.6
WATE6Y6D2MZHWGBZ,5.0
WATE2RX9HHGBUQGA,5.0
WATEBYZGFCZPUJAR,5.0
SHOE4UC3MJZF3VFJ,5.0
WATE4CG2AQAGWGSF,3.5
SHOEYGK5AYYBVXKH,4.4
WATDZDGRQBXTKHPW,5.0
WATDUK7DKXV8WCAW,4.0
SHOEF9G8CVWHRH5M,3.5
WATE2RX9CHBGEDRC,5.0
SHOEFMRZZAXFQW4F,3.5
WATEDFHARG4YSPCA,5.0
WATDUHDBDTTVEMWS,3.6
WATEAYZJBFJXB4FZ,1.0
WATE6GAQSZYB3FKY,2.3
JEAE8CZGJ8PGGHRQ,3.0
WATDZ9CEZAQHHTZ6,5.0
SHOEFZXRNYJKPPYG,4.8
WATEAUABHVPGRBAS,5.0
SHOECB92BGNGSZGZ,5.0
WATE695YXNTDWTE8,2.7
SHOEFAJ5TYC2JMCH,3.6
WATE8B5KWSTMZK7P,4.4
WATEB5EZRN3NYXAG,5.0
SHOE2FQCR89ZNN8W,4.0
WATE9CFHPAEU3G4B,5.0
SHOE8NA5SUXGYGYY,5.0
WATECGG4W76YEBUB,5.0
WATECE855W5YFE3H,5.0
SHOEC9FZ7W9HTAQG,3.0
WATEC87GMAMZAMWA,4.5
WATE3GEYE8JQT7WM,4.0
SHOE3S9BYE5XWSKS,4.0
WATDG487YZTHEJZZ,4.5
SHOE32FUXGXGBB5Z,5.0
WATDZDSVWQRRGERC,4.8
AIRE9B8EKTNR8J4B,5.0
TOPE5PHFZHVEY42Z,2.4
SHOE7DJBEPYGQPHF,3.2
DREE9C3NKTNUCWSN,5.0
TOPEBTGCPSWPYGRM,4.5
RNGEFP2XZSFFAGGV,4.0
TOPE9RCYS54YZNFG,3.5
TOPEBNGP7UKPXDJD,3.0
SWTEDP6QUEYGXGDG,1.0
TOPE45NZFFUDHKZR,4.0
SGLEABFPHFPFTNBE,4.7
SHOE37CTDYFKDJBH,5.0
TKPDS6ZEWAR6GTAF,3.0
TKPDS6ZEWH4KF3SJ,3.0
TKPDS6ZEQCGBRX9V,2.0
TKPDS6ZEQBRWSM8U,3.0
TOPE4VR5DXAHVAG8,3.0
TOPEEERRHHZCK8TV,1.0
RNGDWKZHDVFQTDYV,5.0
DREEE9ZR9THTGUGY,5.0
SWSEBHCPAKWKRDPR,5.0
DREDVF2W9PTRAEHK,4.0
TOPE6Y8JARJNXYBX,2.0
SWTED56J4DYNPJDH,5.0
DREEDVHXJGJWQHVE,5.0
TOPE2RX95MBJFRTT,3.0
SNDDYE2M83GSMVEJ,3.0
TOPDW7AQKZZHFCZF,4.0
SNDE8H58SDEBJCFY,4.8
DREDYSNRZGBFFVQ5,4.0
TOPE8N26GCA8DNSE,2.0
TOPEATNAAKXFBCCP,3.0
TOPDX9TF4PYJMX7B,2.7
MAHEEVSWQSZUUFQY,5.0
CCVE3Z23WWHMGHFY,2.4
SHOEG52R2AKHFYHH,5.0
CCVE6FQUJHNHQVNQ,3.3
TKTEBGCK4ZVWZEZS,1.0
TCVEHSMY2TNTCKNC,5.0
TCVEHSMFYEQGRTAZ,5.0
SWIE5GN6EQ4HKHVD,4.0
MNGEJPRAZHS5ZZGA,5.0
PANEENEMG9NPM2QQ,1.0
MNGEJPST4MZDZCHT,5.0
JCKE25R8CGBFNJ4H,4.3
JCKE2HWFZD5HZRE5,4.0
CRGEYZ5FGRTYJUT6,5.0
CRGE5F2RWVWUHYTC,5.0
LFHDBF4BY3PS66NG,3.2
JCKE3X2R6SBVFZGB,5.0
SHIECPXYNJ8UHGFN,5.0
AUDCY8T7KPEG3ZZF,3.8
BLAE6ZNNDQZXKCHQ,1.0
SNDDVP9CXEMXNHFS,4.7
SNDDPXG7SGBHW6AF,4.2
LSKE99UKDTDN7HBM,5.0
LJGEHWDVCNNGPECS,5.0
BRAE6ZCHAHQE5HD9,3.0
BRAEDX65QNAZVKMS,5.0
BRAE6MPEE4X6CMB4,4.0
BRAE7V2UTY5PYTRT,4.0
BRAE7MBPWCQWDZCZ,5.0
BRAE44SCYYFM74DE,3.0
BRAE8MX2DNXVEDNH,5.0
BRADQZFYHJGCEDV6,3.2
BRAE7Y46N7YAFU2H,1.0
BRAEFR6JZ6TD2JMY,4.0
BRAE8REMHA4XCZH6,5.0
BRAE8MVUMSMBMNJS,5.0
BRAE7MBPXNHC5QHM,5.0
BRAEYFDEUGF2SWYY,5.0
BRAE2NF6JYPGHQEF,1.0
BRAE3RFCGHJGVJ9Y,3.0
BRAE2Z9VKVUEJWZQ,3.5
BRAE7FNDFAB2PRQD,5.0
BRADM8DWHUGKNUE7,3.7
BRAEFR6JFJY6HBWB,2.3
BRAE6YVWQJNHHHGG,5.0
BRAE3TSHYHHD8ZK5,5.0
BRAE6Z79P4B94Y4T,5.0
BRAEY7CD5UFJN9HS,2.0
BRAEEERRZPZMPJHK,5.0
BRAE57EHYXEMH88T,1.0
BRAEYMFCWUSF3U9B,5.0
BRAE2M4QWF2FVMH5,2.0
BRAE73KF3DUPGFG7,1.0
BRADM8DWSRMPPNNX,1.0
BRAEDZ7TZNFQTXZA,5.0
BRAEDX66GWPY6KJ9,5.0
BRAE3CYXV4JGWEDA,5.0
BRAEFR6J6SY3F6PS,3.2
BRADWDT4T8HG5GKV,5.0
BRAEFR6JZXBQ9NJK,5.0
BRAE3TSHYTS4FCU4,2.0
BRAEFR6JYG2HBVSS,5.0
BRAEDZ9GVZHWZ5BG,5.0
BRAE5PKZBZGYZEMH,4.0
BRAE6ZCHDGWRDHCW,5.0
BRAE5SRETZMB5QYH,1.0
BRAE8GB5JAERH83X,5.0
BRAE3WVQHJWKQZHZ,5.0
BRAE7FNDZBHFZFKA,5.0
BRAE8SMCGBASYHKZ,5.0
BRAE7MMGS2FKH4MJ,1.0
BRAEFSFYYUGGQTKQ,3.5
BRADWZ4K9GN5VCM9,3.8
BRAEYFDFDG5VFF6K,3.7
BRAE8RSAJKCPQ4WP,1.0
BRAEFDMGHGNN3RQP,3.9
BRAEB2ZTZGEU7KZK,5.0
BRAE3Y3FFZGZFKZN,4.0
BRAE2Z9VJ8B8FAD2,5.0
BRAEFSFYTXZ4FCDR,4.0
BRAE75HSN6B5RA9V,3.0
BRAEAQMAYGFHYNTA,3.0
BRAE8AEYGVPNYWG9,5.0
BRAE6FMZTRTKVXU6,5.0
BRAEY6JXWCMQ7B5H,1.0
BRAE3UG9NGHDQZZE,3.5
BRAE6NZAQBHWZNMT,5.0
BRAE44SUWY4R349F,5.0
BRAEBB6TT8GKVG8A,5.0
BRAEY6JXZJFUHUKZ,4.0
BRAEFR6JZYHZNSGG,5.0
BRAEBP5JJA24D2YS,5.0
BRAE7NMEGDDHG3EX,4.0
BRAE5VAWGFY3SGKJ,1.0
BRAE5RWPQAHEHQDM,5.0
BRAEARZHZU3F3YGY,5.0
BRAE7FNDZG77GEZH,5.0
BRAEYMFDYDYVJASW,5.0
BRAE2NF6E8SVUPTD,2.3
BRAE73KFJGNSP2NP,5.0
BRAE9WNZYBZPXK2X,1.0
BRAE2NF7GHGHTURG,1.0
BRAE44SUCTAAMU87,5.0
BRAEDY6WXTGYRBPP,5.0
BRAE5PKZGT7AMYZJ,4.0
BRAEFUKZUHFRJGHZ,3.8
BRAE7YF6F8EF7UQB,2.5
BRAEDGQFWPFGVPNF,5.0
BRAEFSFZUEM8Y5DT,1.0
BRAE8UZGRKACSJCN,5.0
BRAE7MBPXVNMGP6M,5.0
BRAEBKJSNVGDG4DP,5.0
BRAEBB6TWYYGKYQC,5.0
BRAE6BR2Z7YZWPFW,3.0
BRAEA5MZMPW2UACQ,1.0
BRAEFR6JUMNFA5MT,4.0
BRAE7DRSPHX2WNCU,5.0
BRAE6FZPPGFFGCGH,1.0
BRAEBJGZ6FPZVXVQ,5.0
BRAEBMWVSDWZYNK8,5.0
BRAEBJGPRAZZTECS,5.0
BRAE2NF6XGU42KGQ,1.0
BRADM8DWKXXJDEHW,3.8
BRAE2NF6QBUFMJTU,2.7
BRAE2GWB6GSSCFGT,4.0
BRAE3P8YWVZGNYZH,1.0
BRAE8GC4MJY5ZMYV,5.0
BRAE2NF6S2ZYBQWQ,1.0
BRAE6Z79C9EBYNGJ,5.0
BRAEFR6J5FJ4FUZY,4.0
BRAE3UG9P8GJXZ2X,3.5
BRAECBXJJYYERAHY,5.0
BRAE3P8YJEQSSANK,1.0
TOPDUETDZYPSNUMU,5.0
TOPE2K6AZC4ZZAJK,4.0
TOPE8AYJV5KUZ6F9,5.0
ACCEGP52WRHFURYZ,5.0
BOTEDSEN9ZSFUUAQ,1.0
SWIEHF23HGR3ZRFG,1.0
BOTEEMN6NM57HSBU,3.8
SHIE3YW8AGHPXQZZ,4.0
STFDA3Q4YWEEHH2N,2.5
SWCEBFUBFYZ9QHKG,5.0
SHOEEQNJETZKM4PZ,4.0
ACCEETKC9MMAFHTA,5.0
BALEEZ2A4SWPXJU4,5.0
BALEEZ2BZZ3ZT99G,5.0
CLDE34YVWAJ8ZN6R,4.0
DREEAJTKNPH2HBDZ,5.0
SHOE39Q6PDKHYY2F,4.0
DREEYGCXYYZHDGDZ,3.3
DREDUKH4YHWHURG3,5.0
SHODXQRRGKZ74U9M,4.0
HKHE62MHWS8ANGXU,3.0
MNKE8ZWFT44GRURB,1.0
SHODZ5YHTEHZTR3V,5.0
SHOE5QZYBEWT53HQ,3.0
SHOE6PEHVTQKMYQK,1.0
SHOE2VC3UPHYRARN,3.2
SHOEYVXVYAVXACCW,3.1
HKHE62MHFXUB85ZE,1.0
SHOEAPT3RUN6RAJ2,5.0
MNKEYGQMJHGZ4ZRX,2.0
SHOEYSUKSZNTJPJN,3.8
SHOE3MYBTPZVTGYM,1.0
SHODYGFWEWCG6S88,3.2
SHOEFAJ5NAGQCG8H,4.5
SHOE66V8UMNGZKYM,5.0
SHOEAGUMMWFABHUT,5.0
MNKDNW49THH74PVT,2.0
CLDE26U5N2TSHREG,4.3
SHOE4QFHZWCZGCMB,3.0
MUGE4PXNXSEFGFZU,5.0
MUGEBJ7XD5GRWVX8,5.0
MUGE99BWHAB47HZC,5.0
MUGE9HRR6HVCRPZT,5.0
MUGE9HRRXMEBTYR2,5.0
MUGE6A5HZUJ924WH,5.0
MUGE99BWGDNEWEN4,5.0
MUGE9HRRWZBDVHZ6,5.0
MUGE75ZZ3G2NGKXZ,5.0
MUGE5HG8G63YKHFB,4.0
MUGE9HRRKMGKHMRT,5.0
MUGE9P6DPPNA4TUS,5.0
MUGE5PZ6NQHW7GZY,5.0
MUGE5PZ6HEKU5YN8,5.0
MUGEBJ7XKJDMNXY3,5.0
MUGEAWE5MZRRG5GY,5.0
MUGE92Z4VKWKGEXX,5.0
MUGE9HRRTTGNEANM,5.0
MUGE6S9YZ25CHZRN,5.0
MUGE6SYUHXASZBRF,5.0
PACDZNJRS8AHZVEV,4.0
CRTE8389ZZJS6W9E,4.0
SHIDYZAYRM4KKJGR,4.5
NKCDU4RZURUGSZZ6,5.0
NKCE7MMGF9C62JPD,1.0
NKCE9TBZD2EGXYJ3,4.0
NKCEFG3DBZ4EX4SJ,5.0
NKCEYTXEPHXSXDKM,1.0
SHIE8C5NBQV5QWCH,5.0
NKCDXYFHHPBSYJDZ,3.2
PACE5P38T4FEUHZC,4.0
NKCEFG3DFKHHWBEX,2.5
NKCE3GNVPGUYY8AZ,5.0
PACEB7GGJXVVDZFZ,4.0
NKCEFAG9Y7ZHS6M7,5.0
NKCDXYFHPJ4UNFPU,4.7
NKCECZJQS73UZGX3,5.0
NKCEFG3C6TAZNNBY,5.0
PACEDFZPHQUZ9HET,5.0
NKCE7MMGUVXJRFFF,3.0
ACCE87C2Q7Y7YARB,4.0
NKCDWBPZEYFAGCW5,5.0
PTPDXN7BGMQBZUTA,4.0
PTPDVPEXZACXZW3H,2.0
PTPEANGB8CAX4YKW,5.0
ACCDZY24EZN3T4DU,4.1
PTPDVPEXFUZNDZZH,5.0
PTPDVPEXYZGYEEFG,4.4
ACCE93ZDRDSJD3RG,5.0
PTPDZY9JW3HSEPWC,1.0
ACCE2WC8KXAKMNAF,4.3
NKCDUYA5RGAGR4PY,5.0
SHIDYZAGTXAHCJ4G,3.3
SHIECCMNHQD5SZPZ,5.0
ACCEBEZZEQZ3SSAZ,1.0
PTPDVPEXSANDVSJQ,5.0
PITDPPMDFRXXQGNX,3.4
ACCE8C3YU6JDREMH,4.6
PTPEYCF7GZU2T54E,5.0
MFLEYGFH8PFBVRDG,4.0
PTPDZYCE2H35GHG4,2.0
PTPEB88UTZRHHVXD,5.0
PTPE2SSXSTFH6HYY,5.0
NKCE7MMGGHXSGDBC,1.0
PTPDVPEXAA854NEY,5.0
NKCDZHF7J4GGHHSG,1.0
PTPE34YJXKXZVTWK,4.0
SHIE5HZ5UWWXYXWV,4.0
PTPE5WB8Z2C6YYCQ,4.3
NKCDYRHGP2UFXMT7,3.0
AVCEASGPSFXKFXB8,2.4
NKCEFAG9TAF3VAFY,4.2
PTPE2GJQXEWHGZEK,5.0
NKCDWRYFPAFEQA5Z,4.0
FABE88MGUBPCQWR8,5.0
ACCE9EYRRNZYZUBG,5.0
NKCEFG3CHGEHMRTD,4.0
CRTE8389HNP2UHPT,5.0
ACCEY6JYDGGESWXC,3.4
PTPDVPFYEKTVFEZ8,3.0
ACCEFET7MKNAJVAH,3.6
SHIE2CAJP6XBWPU2,5.0
SHIEF8DUHZJP8MVC,5.0
ACCDRREFMB99QZ42,2.4
NKCECJAHAMVG7Q8M,5.0
ACCE2SXDBTYNYYQ3,4.0
PACDZTD7YB2EUMYE,3.7
NKCEYGTG972MN8T3,1.5
PTPDVPEXXGZQMC2G,4.0
NKCDYRHGHJCQ65WW,2.0
NKCDY8S8CCG32GQH,1.0
PTPE7JZCBGGKPSGS,5.0
SNDEHZKGKGHDFG57,5.0
SNDEHZKGZHHHQVYX,5.0
ECIEF7MGVGZAZMGG,2.0
SUIE5GT3DSJCKEJF,3.7
SUIE8H94SYGX7PKR,5.0
SHIE86XAGBVWRWH3,5.0
LIDDVFAFGAYTM8HH,4.0
BFAD3ZJYYCXDAVGH,3.6
SHIE8M9PWUF5H4SF,5.0
PSREFBQM8V7GVCGX,3.3
NKCDQSVCY7GJM39D,3.6
SHIE954FZSSHYFGG,5.0
PSRD7NKJGFMGAZQG,4.3
NKCDTAXFFYUASQNQ,1.0
NKCEFKBYZBXUBYBZ,4.0
RTRDP2HXHPPTGQHE,3.0
CAGDS6VEGGYYEYUH,3.0
NKCDYYQWT2ZZUYZD,4.0
RTRE8GJUFNETVUMZ,5.0
RTRDNGVMCHXQT6HU,3.0
NKCDTAXFFDCCGUY4,4.5
CAGE4BQYUXBFXZVF,5.0
CAGE7GUFJG7JZ3HC,3.0
NKCDRDWANFDGXSSK,3.0
CAGDW63HYZAJ4EK9,5.0
NKCE4VA4M7ZHQFV6,5.0
RTRE7FT9VKRGNTRR,5.0
PBXE7YYYSETDYV9P,5.0
NKCE3Y5PSKAJSBPY,5.0
RTRD38494HWZVMAK,3.8
RTRDNGVMH2ZJZRMQ,3.7
CAGE6HYJPDEM4AN3,4.5
NKCDXZGUZKNYVXG9,2.8
RTRDU88AKQFRZU2U,3.6
NKCE96SXVSQHFGNP,5.0
RTRDET9AQR7EMM2G,4.2
CAGE4BQXKEZPSHWG,3.0
RTRDFFYGTZUBKJTS,2.9
CAGE6GQCC6YG7FTD,3.5
RTREYTY2TMVNXZG4,4.3
RTRDFFYGJ4GNRSHQ,4.0
RTRDZK8XZBQDJ35U,3.6
RTREFWYNH9RGDCQK,3.5
CAGE22EEH2JMZFZV,4.5
CAGE9AGRUGPHV5FM,1.0
RTRE3KKX5RWCKMHH,5.0
RTRDZCPAY9YHMG4X,3.5
RTRDNGVMKKUNBA5B,5.0
RTRDZBJ5VAZG7VGC,2.3
NKCDYPDSUPDSVYU3,2.0
NKCDYPDS8THDBS7K,4.1
CAGDTSJUFVMVP3XG,3.3
RTREF5VHQR3VGVHY,5.0
RTREFH7UGSFUT6PB,4.5
PBXE7NYSPF4FKVY6,5.0
RTRDZ5PJTSHHXGME,4.2
RTRE2RMAAU4D3H5X,3.2
RTRDRDPR9JHCSBGH,4.3
RTREBG9CJ7HHSHGJ,5.0
RTRD8FNGHSBCKK6Z,4.2
RTRD6352VX7RZSWG,4.1
PBXEBYHC7D4NF76E,5.0
RTRDQZMJBWHZCXZT,5.0
NKCEFMKXRPRZAZKK,5.0
CAGDRJJ3HWPMJUCC,3.0
PBXE4RB4DSFQPASY,3.9
CAGDYY25E8RVC7EG,3.6
RTRDNY65WHG9FHTS,5.0
NKCE4VA4SEQFEYUH,5.0
NKCE96SXDK3JFZC3,5.0
RTRE3XW7JS6YJHG5,4.0
CAGDRJ8WYSTGZ6UE,3.0
PBXEAEN4R6HUGZJV,5.0
RTRDMTEPMWHHPSUS,4.2
RTRDQGV3ZTKAZTPD,3.8
RTRE63NMMRZ8MUJT,3.2
RTREAX3DGDRSSYFT,5.0
NKCDV7KGEEZHJVJY,5.0
CAGE4B8YHZK3KTUX,4.5
CAGDWGCSDGYNDH3Y,2.7
RTRDEKJVRCDYXRST,4.2
RTRDTSBQW94HJ8VT,4.2
CAGE6HYJGDZQXHQD,4.0
CAGDUDG8TBQXEA2D,3.4
CAGE8TQ8KFEGHY9M,4.0
RTRDZBJ5E8TBFDD9,5.0
CAGDV253CTVNMSP2,5.0
RTRDFFYGM2TEWVCC,3.7
CAGDU84G2G5AEAE5,1.0
NKCE676XRFECGZHC,2.3
RTRDYR4HXQJ8T3WR,3.9
RTRDETBCHYE3UZAA,4.0
RTRDRMGYGV73A3XJ,4.2
RTRE7DBHH85JTHXC,2.8
RTRDZTF9URF2UFPF,3.8
RTRDF7QU6QFFZFKB,3.0
RTRDYJUN75ZHEUD4,4.0
NKCDTAXFQMHPMUTQ,5.0
RTRDQSSHGP7UGRFC,4.9
CAGDTSJUNHZGYZRS,1.0
CAGEYFZWNWG6SMHG,2.0
RTRDY9NVKBBNGYMU,4.3
CAGE22EETSQPZKZA,3.1
RTRE387ZDKW7NQGV,4.1
PBXE8FW6ZZZF2RQA,3.0
CAGE44J5NGQHXMHF,4.7
NKCDRDWAZU9ZJNHZ,5.0
CAGE7TVZGNX4AMDR,1.0
PBXE6ZHNEGF3VGZW,5.0
CAGE6GQC6UYAGC5C,5.0
RTRDHWZYK9SN4MGZ,3.7
RTRD7XKFDBPBR6CV,4.5
RTRDQZMJHRSR6CA9,5.0
NKCE3Y5PHMWUUWQ3,5.0
CAGDR3XKFCZ6XA2F,2.0
RTRE38HFGYDDZYGZ,2.9
CAGDVVX954JSSCGP,4.0
RTRDFFYG65VG5RWS,4.0
RTRECFHX3TDFD9SP,1.0
RTRE4ZQB3BTTWZKT,4.0
RTRE4VNCJZ3UPGQZ,3.3
RTRDRSBNRDBZEPTY,5.0
RTRE96W36WAJHRCF,2.3
RTRDB8GKEGG5E3XG,4.2
NKCE4VA49YHSX6KW,4.8
RTRECM6WZFBZYSTK,4.2
RTRD7XKFRCZH8TE4,4.2
PBXEACG2FBGPQKWG,1.0
CAGE53FSKAYSFUXG,5.0
CAGE4DWQQYHVPD8C,4.7
CAGE5RNE4JVBXZBX,3.0
NKCE4VA4M2ZKZGUY,5.0
RTRDQ9YMUHW7PYYE,5.0
RTRDNGVME4HGYAM8,4.8
RTRDYPA4PJHCJCGF,4.4
CAGDVVX97KZEH2EJ,4.2
CAGDZVGTV3SMMMBY,3.7
CAGE4BQXSJPTBUS4,5.0
PBXEBYHC4S5BQYDA,5.0
RTRD8FNG6FUTFZQJ,4.2
RTRDZK8XDZTJDJFN,5.0
CAGDUNH3FHZWCVKN,4.3
CAGE38D7F5XQSYNC,5.0
RTRDNGVMSXKSREUJ,5.0
NKCEFMKXMH4AX4WF,5.0
NKCE3Y5PDN4U66HC,5.0
CAGE75ZXGZPBMZVG,4.5
RTRE2XJSG2ZFVFTW,5.0
RTRE6CPUD2WJRNMG,4.0
NKCE8JUJEUE3HR4H,4.3
RTRDHYYVPHSGSDGA,4.2
NKCE8RB5BFGQYK4G,5.0
RTRDK7TWJB6RCNP9,3.4
NKCE34THCPW5V7FV,5.0
CAGEYUXVAKNKDUUV,4.5
CAGDUYCCZRGCGCS3,3.7
RTRD7HN3JJYF6WN2,4.2
CAGE6SYMVUA8FPT8,3.4
RTRE7DBH3ZDKADUS,4.0
NKCDTAXF4CZFDXGZ,5.0
RTRDBECHFKZTHEP8,4.1
RTRDZBJ5GRMDUZ8H,4.5
CAGDVVX9HE6C9WYF,3.9
CAGE3GFTPMNXPZAG,1.0
CAGE6FYKYKQEWRBS,2.0
PBXE7NY9ZRYZFBAZ,5.0
RTRE8GKF2CUJ2GNN,4.4
PBXEBFGFRM5797BZ,5.0
PBXE8BTEMTBZXPKE,4.0
RTRD6FYYWFHEYJYE,4.0
RTRD4D3EGBAYBG2C,5.0
CAGE22EFFAPMZEPE,3.0
PBXE9EJKVEFQQTJH,3.5
RTRDNGVMRQ63YU54,4.0
NKCEFKBYDZMHUYZK,3.0
RTREFWYNCYFURU5G,4.3
RTRDRUZCPNJ3MTAT,3.5
CAGDTN27DEWJYUHK,4.0
RTRDPXKCBHEECZQE,3.9
NKCE5U69HB8JAUTU,1.0
RTRDETBCPG9XNHUY,3.4
NKCDTAXFXWPKGZAN,1.0
PBXEAT5YEBXXHPEW,1.0
RTRE978WCZ6B8GPW,4.0
PBXE9RAMEEYHARYC,5.0
CAGE2MACSYZCWHFG,4.0
NKCDSXA5G2KQYSAS,5.0
RTREFR77EH5G8AH4,4.4
RTREAYAG9RFZPYNP,5.0
RTRE3F95FDUDKB8Z,1.0
RTRDPFNAFVJAXHTA,4.0
RTRDMTEPFH3EVUM6,3.5
NKCE96SXZUY5TZPS,5.0
RTRE2PJPQTZHAH4H,4.6
CAGE46YZPYX7BVUK,4.4
PBXE4RB3Y3GXWPFV,5.0
CAGDY6GGGVXY9ZGS,2.2
RTRDFFYGKJAXPUUG,3.6
CAGE44J5UXNHXFYH,4.5
RTRDZ7CGNGRHHRCM,3.0
SCHE4YST3GFY8AYU,1.0
CAGE7NV6JUTZVFXV,3.0
CAGE22EEX2HKGXFQ,5.0
PBXE4QFH2BXJGRMG,4.0
RTRDYKU6F2GVR3CR,3.5
CAGE3GFTQ3UHZ4TC,3.7
LEAE8UKZFQRUTMAG,5.0
RTRDW77Y4D3QTBUG,1.0
CAGDU9C3ZBMU4CGR,1.0
RTRDNGVMAKRQKH7Y,3.7
CAGDYPBWA7RBUBYT,5.0
RTRDQZ8Z72FRMKGX,4.3
RTRECRF7ND5CVZZX,5.0
RTRDNHMRFZTR3ZPZ,4.7
RTRDZK8XRESZY5YT,4.8
RTREFDXTYEHF94PJ,4.1
PBXE4RB4BZYTMFGY,5.0
RTRD6FYY9KH3BBGZ,3.7
CAGE4GF7UWGZHN7J,4.5
RTRDNGVMW9BGYHPH,5.0
CAGDUDG8FHXXUYJS,3.0
PBXE4RB3HNFDXGGN,4.3
RTRD3849TERR75YB,4.0
RTRDNY65ZSSBBXCZ,3.7
RTRDA4U7RSHNZEGW,4.7
CAGE6HYJDNZJVADS,5.0
RTRDYYTZSUUNFFUT,2.2
CAGE5HYNQNGHJ2TY,5.0
CAGE8SCPTWXNZWC6,5.0
RTRDRJF8GJ5AFZTG,4.8
RTRDPA9FNCRGS8UZ,3.0
RTRDFFYGSSX2BYWU,3.9
NKCDYGA7HK76EBFC,5.0
NKCDSRPA8HZF94S4,4.5
RTRDHCXZPWGDJRVH,3.5
CAGDWGCSQTYKCUG7,2.6
RTRE2TYNWTGTPE8D,1.0
PBXE82KPEFNGC5CH,5.0
RTRDEHFF6AJRARJ3,3.9
NKCE8RB5WMWAWNHJ,5.0
NKCEABATK2R74GPJ,5.0
RTRDWGAKVZK8VQ9R,4.0
RTRE8GJTHFTTDZWA,5.0
RTRE2XBZFFEZRCFZ,4.1
CAGE2XC2CTC2TWRJ,5.0
NKCDYG8BDVKZ7GP8,3.2
RTRDP2GSBX4AF7FK,4.3
CAGDTN27KGFHHVHJ,3.0
RTRDXV6BA5PZAEPH,3.0
CAGE3MWEW2FZFB9P,3.8
CAGEA3JMBZUV5DQV,3.0
CAGDTFSHTF6TRBFZ,3.3
RTRD7HN3BBE7G9YT,4.3
CAGDW63HG5JBCVGA,1.0
NKCE4VA4EDK86BCN,4.9
CAGDU85YYWZHHNGT,1.0
CAGDRJJ3HUNXZPND,4.0
NKCDW898GSGZQGGY,3.0
RTRDPEUPQRZGWHGC,5.0
CAGE6SYMP5TEQVMT,3.8
RTREF3PRF3M9FMEF,3.9
RTREY9XYN7YUJTFR,4.2
RTRDMNVF7CQ3HAHU,3.6
NKCE4VA4WZWGGXUT,5.0
RTRE387ZG6JUHDHP,3.6
RTRDPEG7ATGCPYZS,4.1
CAGDU9C36EBYPDRP,2.0
RTREBWVASMXDVRNG,1.0
RTRDQZMJYG3JQ7PM,5.0
RTRDHYYVXHYG93NF,3.8
CAGDU9C3QVCBMQKQ,1.0
RTRE9JEGMXHZ5RHQ,4.2
CAGE8FG3CYVFG2GM,1.0
CAGE3FX7XZGYHGRJ,5.0
RTRD8FPJEQRZ6BEM,2.5
CAGDSGY5KU3VWEAY,3.8
PBXE7YYYF4Y48TYX,3.2
RTRD6FYYUQZJBY6F,4.1
RTRDA4U7UE3Z7UMB,3.9
PBXE4Q7YW6GNMRTE,2.0
RTRDMNVFYZZBXT3G,4.2
RTRDQ4HQC6A4ZC4G,2.5
CAGDUNH36EAX85G8,2.8
RTRDZK8XCUEKZDFZ,4.4
CSOE2V29ZTH5A3QU,1.0
RTRD8FPJQUFYZAPJ,4.2
CAGE2NCRSPGZ5XN5,3.0
NKCECFFWZVMTHUYK,5.0
RTRDGGQ754BDWH7U,4.1
RTRDVFAPZMNA8CHC,3.0
CAGE2MACSFZRQEEV,5.0
CAGE4BQXSBKGWBE3,4.0
CAGE5HYNWQYHCGQS,1.0
RTREFDXTZ4GGGAEX,3.2
ILMDZZPH32VEPGBZ,3.9
PBXE78PHMWRZDD94,3.0
RTRDG5C6V3YVWSH6,3.6
CAGE8X8XGZGQGWVN,4.0
CAGE9AGRG58XZWVT,5.0
RTREFH7UWNEQDHAY,4.2
RTRD6FYY7B26SHXC,3.6
RTRDNGVMCGNCTWUU,3.7
CAGE2ZHBSKWHSHKH,4.3
NKCE4VA4FAZ7FTFM,5.0
RTRD4KY4UNGYCZFG,4.3
CAGE22EE8ZG8HCS6,2.5
RTRD6FYYZCZGPCVH,4.4
CAGE6GQCCDSWABFT,1.0
PPJEAJTT86WKA5G9,2.3
CWLEG69T7RRKTZNR,4.0
SFFEGW39MZHHGBEF,5.0
WCKE2TFYRTHGTUTC,1.0
PRCDYWYKEKFFDGBP,3.0
PRCDXZP2ZFHQHUH7,3.0
CBRE24GEGUHRSZAQ,4.6
WBTDMEZTDSZGZEDJ,5.0
WBTDMEZTUWBPD5DM,3.5
SNDEBG864TPNPGSE,5.0
SHTEAGGFBZGZMFCF,5.0
SNDE3SNFMHARS463,1.0
SHTEB9BVH2S3XYCY,5.0
PRCEFR7WX4AFUXZN,4.0
MIXEAMVTVJAGVMCF,4.0
SOCE7732ARDEF7UF,3.0
RAQDCNWAGART9UVZ,3.0
RAQDEHGUB5VZTC8H,4.1
RAQDCNWAHJK9JNUY,3.7
WCKE2TFF4ZYGXUMH,3.0
EMLEGMZRZGDARGR8,5.0
ETHEGJBAZPGQBURA,5.0
TKSEEB9MNUGDS9DZ,2.0
PCSDY5AHFNSPGSV8,5.0
PCSE2ZFDBB3N4PTP,1.0
PCSE9Q6VCVMWRAPN,2.0
PCSE2ZFDJJGFNHC7,3.0
SNDEDKKWEAFRMDR9,1.0
PCSDY5AHHQSXZARH,1.0
KRTE39Q4GVHFHWZV,5.0
PCSEA7HBHMUNHZRP,5.0
SNDDXFQHUDJDHZG2,2.0
PCSECTYTDV7DGJ4R,5.0
PCSDY5AFPGSUPEUF,5.0
PCSE95HXQE744G8Z,2.0
PCSE93H4FSGSJHU6,3.0
PCSE2DJZ4RMMXBUG,2.5
ACCDSUZJGMZD9FHZ,2.5
PCSE2ZFDEWEJFKPY,1.0
PCSDYQEVGFZSGRQJ,1.3
PCSE5N9BAHDXCSVB,1.0
SNDE3FPZ3A4JCXRH,3.7
PCSDY5AFHRHDHPZR,3.4
PCSDY5AHERHZSZZW,3.0
SNDDZPVYKFSZJF35,1.0
SNDDZPVZ3HZTC7DB,3.0
PCSDY5AFBNKGE3AY,3.7
PCSDY5AFMETYABEH,3.0
PCSEAYRTZYDSPGMB,3.0
PCSE93H3KFSDC6ZY,1.0
PCSEAH5WVHDU2YF8,4.0
ACCDVPGKY3GBDB5P,2.0
ACCDPDJVGNGNX7QE,4.0
TUNE5Y75EKJKWVRM,5.0
SNDE7DZGGD2JVRBN,3.5
SNDE85CH2PN36BUZ,5.0
SNDE9GRQJQQ76ESA,5.0
PCSDYQEWUYFPRUWY,4.0
SNDE9GYPHPHJZXB7,4.0
PCSEAKVBS6ZDETVX,4.0
ACCDYDY6DPCHAN7Y,4.0
PCSDYQEV8G2ZGBNM,5.0
PCSE4FKCZ23EPQFS,5.0
ACCDY6GTHNEAPHM3,4.0
ACCDSY8EHJF6GRMG,1.0
ACCDYDY68JNBV4BZ,4.0
PCSDY5AFGFAQNCY9,5.0
PCSEAKVBGC7CJQZT,1.0
WATDKB7JA52JZRRU,5.0
WATDG9F74GYWEH4U,4.5
WATDA5ZA5FQVGMHA,3.7
WATE3HFNMGVTZEDS,3.0
SNDE6AKUC72HPWZF,2.8
WATDNJVHHKXKVRGF,2.5
WATDSV3UUCTKQ4ZD,4.5
PCSDY5AFZYUTHYZX,2.3
WATDA5ZANJ7UZ74Q,4.2
WATDSV3UMUNAXURA,3.3
WATDFFH3PGFHHZH8,4.3
WATDSW7X8FTCNSHQ,2.0
WATE26J7MSP5GPSY,4.5
PCSE5WB883R4ZNUN,3.0
WATD9H76GH2CHZ48,4.7
WATDXFGTUVJZYXRD,5.0
WATE26J7Z9MEZZKH,1.0
WATDA5ZAGNMGD5EJ,4.1
WATDHHAS7U8XAFZJ,4.3
WATDCUGXHXSUHBHX,4.2
WATDG9F7TQKGHZHQ,4.0
WATE34FM4B65YDDE,3.9
WATDSV3UZED5XFHA,3.0
WATDYFQ559FZWRSQ,4.5
PCSE27VV35ZGZBB3,3.0
WATDZRZGCSSQ8RYS,4.0
PAEE8AHWJWMDAXZU,5.0
WATDG9F7SDHKQNRJ,4.7
WATDNAUBP94U2VZE,3.5
WATEYG9YBGAFF7BA,3.5
WATDHUKBGWGCHQQX,4.3
WATD9XFGAJQGR4AQ,4.2
PCSE9R3UWEMF57RQ,1.0
PCSDY5AHUNGBYFXH,3.0
PCSDY5AFQE42NNTK,4.5
WATDUNJ7AZ9RYTAF,4.8
WATDAZPXK8FSPGB4,5.0
WATEYY4X2SYPGHSX,3.7
WATE6NVSM2KFHF2R,4.0
WATE4S5RKYHT9W3Z,5.0
PAEE8NDKFTPRKYMU,1.0
WATDHMQJ68MVBRFV,4.5
WATDGDHYCPR2PPSK,3.4
PCSE4FKCKZZMHKYG,3.0
WATEY7SDM6TDEZCK,4.0
WATDJTR9BN4BB5AJ,4.0
WATDJTR9ADKGNP68,4.2
WATDFFH3KJYBTYGG,4.0
PCSE4SFFJSWJZVH4,1.0
WATDG9F723NCPXNU,4.8
WATDUK7DV6GSTKRD,3.0
WATDJTR93NB8HHQC,5.0
PCSDY5AHEENB3Q9X,2.3
TUNEFKJFT6H4JTHG,3.6
WATDKB7JW7USDVZ6,4.1
WATDZ2ZQGEYGQCFX,4.4
WATDTWRZKSXQCXDP,2.0
WATDZ2ZQYNBVMVGD,3.5
WATD9XFGSYPAUWG7,4.0
WATDZ2ZQTPKQZEHG,5.0
WATDVJNATRBF2C3W,3.8
WATDGFAQCFCVSJPA,3.2
PCSDY5AFPWQBABVU,3.0
WATEFR35RSGBNGWW,3.7
WATDNV3VGWQEVHJU,4.5
WATD9H76RKGUUZHY,4.0
WATDG4KP445AV5XC,5.0
WATDA5ZAG2DH6D2R,4.1
WATDG9F7KNFKTDCF,4.5
WATDJYPXKHPPNGQK,1.0
WATDZ2ZQNBEYZEWR,5.0
SNDE9HRW9ZVPG9A6,5.0
WATDP5NHXYENPWQW,3.9
SNDE7VEFHDQF8QRS,5.0
PCSEAYRTUYVYYC6Y,1.0
WATEYY4XQ4GEP7HV,1.0
WATDJTR979TAXJJZ,4.3
WATDK2G2WM5XHF9S,4.0
WATDA5ZAXAP2VTGQ,4.3
WATE26J7ZMQDQGZN,5.0
WATDJTR9HJQGBGWG,4.0
WATDGNATHYWSGVE8,5.0
PAEE7A8QVZTNQBBY,2.0
WATDZ5HGXEYDHBWD,2.0
WATDWABR2QMHU2YK,1.7
WATDA5ZABPHZZV3Q,4.3
WATDUGUZABNT4RRT,1.0
PCSE4FKCFUXFP9VW,2.8
WATDA5ZAHQJNHKJV,4.1
WATDJTR9HKKRXKTJ,5.0
WATDZ5HGWG5B5ZWM,2.0
WATDZ2ZQWKH2ERZ9,2.0
PCSE3YFFCYQVRNYX,2.3
WATDYFQ5664GGDGN,5.0
WATD9H76UXEZHVUF,5.0
WATDPV5TUCGZ8JCN,3.5
PCSE4Q73ZVYGCYMF,4.0
WATEYUZXGBYVBF24,4.2
WATDP5VZZQPZSNZW,5.0
WATE8E8PMU6ZRZGZ,3.0
SNDE3VT3MMFHKD4Z,5.0
PCSE27VWRYYZMNZE,4.0
WATD9H76RG5FQT5Y,5.0
WATD9H76VEZPMPCK,5.0
WATDWABRFCWT2DD3,1.0
WATEFWP4V5ZEHZZY,3.5
WATDWGAHMR6NHPWB,4.0
WATDWBHR38VKQAKG,2.0
WATDJYPXGCMMFZCX,3.8
WATDXFGTHYZXYY4N,4.0
BBADR6BH7Y9CTAEH,4.0
WATDUNJ7VGBH2HJ3,4.0
WATDTWRZQASCHSMK,1.0
WATDTDZGVUUNFPYD,3.0
WATDKB7JEE3WAZUE,4.3
WATDZDGRHWMT3DH8,3.0
WATDZ5HGF7WGCFGH,5.0
WATDPV5TVAPYZCJA,5.0
WATDHHASRYSYZGQV,4.6
SNDEBCQZHYXUYHPN,5.0
WATDP5NHENJGYYXF,4.1
WATDYQ93UUZYVFQX,3.7
SNDE5E6BCHZCC7JQ,4.0
WATDXFGTREYMG4ZW,3.0
WATDDAYYPCVYBPYE,1.0
WATDZ2ZQAFGKBF2Z,5.0
WATDJYPXZMUSCBJN,2.2
WATDEWZ9UMDYPWYC,4.4
WATDDXF3D4SGXCW8,4.6
WATDGDHYHGDPZNCX,4.1
WATDA5ZAWCTQHAY4,3.6
WATDP98GNAWTNAEJ,5.0
WATDA5ZAYCZRQQXH,5.0
WATDWGAHRCPFYWGW,3.5
WATDZNSHJHDTS9GN,3.0
WATDZRZGZAM7HDGV,3.7
WATE7F5JK2JFFHD5,3.0
WATDJYPXTT4DQARH,3.2
SNDEY8PHWKQCADZD,2.0
SNDE56UUKGHHWFGF,3.0
WATD9H766HFJKMBM,4.7
SNDE56UUTHBTQMQ2,4.5
WATD9H76YMYPCMCK,2.0
WATDBRSFAY6UKWMJ,4.3
TUNEA4DTPGMEGRAS,4.0
WATD9H76QFGFQAHV,4.7
WATDFFH3RVHGTBR3,3.5
WATDXFGTP3FEMGEH,3.0
WATE3YHHPC4ZBWZ8,4.0
WATDHUKBNTNDRZ4Q,4.5
WATDDXF3B7QGT3MC,4.2
WATD9H76GF3QFV22,3.8
WATDUNJ7PGYUWDGQ,4.0
WATDE9NFPB9TBVSK,4.3
WATDHHASYQHYZH2H,5.0
WATDWGAHG7AHMW6Y,3.0
WATE3HFNNASZJQYH,4.0
WATDWBHRJHAHKCWG,4.8
WATDVGGHWZBHXYBS,4.0
WATD9H76N5WQYVGJ,5.0
WATEYUZXUHBBRZD6,3.4
WATDJYPXRGYP5XVT,3.0
WATDGFAQBJJV2TTK,4.7
WATE4S5RKVGMKTRQ,5.0
WATDXFGTBUZJVTZQ,5.0
WATD9H76PTHAUCHY,2.0
WATE26J7DTHUYJN8,4.7
WATDG4KPSFPXYPSR,4.0
WATDBRSF9CKTYBB7,4.0
WATDZ5HGGUGHEZMH,3.0
WATDVGGHNSHKU4ED,5.0
WATDEWZ9KHPSHESC,4.1
WATDEWZ9UHSEHGZG,5.0
WATE26J74MGUBFFB,3.4
WATE8E8PFRKYYXQP,4.0
WATDKB7JHUHHVMU9,4.8
WATEYUZXN2DHGZ36,4.3
WATE2FAGESM5B5VZ,5.0
WATEYUZXWKUESAYZ,3.6
WATEYAP3K2QQQWDH,5.0
WATE26J747RNXYG7,5.0
WATDA5ZA3Z3UJJJQ,4.7
WATE3YHHFFCUGZFB,1.7
WATDA5ZA3R73RZWC,4.6
BRAEGJFXV7XKSGA2,4.5
BANDNHT9FSHKAEYM,3.3
BRAEGJFXUHYZPDWZ,1.0
BRAEGJFXSM9ZQ6SK,3.8
BRAEGJFX4TT4SEGR,4.5
BRAEGJFX2VW8NSMP,2.0
DRPEEZNFGG9J9KAV,2.5
BRAEGJFXCXSJJF6Z,4.0
BRAEGJFXESES6E8F,1.7
BRAEGJFXYJXQYESX,1.0
BRAEGJFXJR4GPU2C,3.3
BRAEGJFXYTH2MG98,3.4
BRAEGJFXUBWQFBCS,3.7
BRAEGJFXUBNKSKZZ,2.0
BRAEGJFX4ZCMZHH6,4.0
SPMDHEZ4GT8R8HCH,4.0
SFFEG763F38URMXA,5.0
BRAEGJFX7PSVECHP,4.5
BRAEGJFXKH8YPEZZ,5.0
BRAEGJFXSUDSP8H3,3.0
SNDEGHUUHYK7D48R,5.0
BRAEGJFXW54GVEFH,2.0
BRAEGJFXNGCKADF6,2.2
BRAEGJFXWMKWGTG5,3.0
BRAEGJFXGYFPGHYG,3.7
BRAEGJFXHYTGZ2QC,3.0
ARPEEMCAMGADRCGQ,3.0
ARPEDQM39KH99YSG,5.0
TOPEYP876AAGE9NC,2.0
SNDE7NSTNHAEACGG,4.0
DREE9QSVADZEKNJS,5.0
TOPE9684RQWWZFTV,3.0
DREE4FC4TAR8M5GN,3.7
DREE4FC46AXGNA5V,5.0
LJGEA3HFG2YDEWDC,4.0
TSHE4DNGZFWK6GYR,5.0
TSHE4DNGWNY3TE4B,2.0
TSHE5YZC5ZFJYPR2,3.0
TSHE4DTF53HPYMU4,2.7
TSHE4S26ZSFE9JTB,4.0
TSHE4S26RPZTXB7R,2.5
TSHE4ENHQHZYRNYZ,5.0
DREEA8ZPVQDYZYR6,5.0
SKIE2T2YHZFNXCDH,1.0
TOPEAN43YRRX5X5G,4.0
TOPE7T5FMBVW9EFY,5.0
RNGE3NFSNCUBC3QM,5.0
ACCDXH5JWYYPBBGC,1.0
ACCDXF9HT5SHRYYE,4.0
ACCDXH5JXWABF7GH,5.0
TOPDSGUSBSDSRXVJ,5.0
RNGE96Y2KTQSGHNG,5.0
TOPECENJ85HRQQHA,5.0
TOPE5MCE7YUGFMHY,5.0
TOPE5W325WWQFR3B,4.0
TOPE6QGAWN9YDQWZ,1.0
TOPEB7BFCW7YG7KG,5.0
SHTE9C3VMAASRH33,2.0
SHTEDZY5RMB5ZZVG,5.0
STFEBCZQ5YYZJYSG,3.7
TSHECPZRPFMWUTGJ,5.0
RNGE4Z3DDZ3YAKSG,4.0
RNGEYFH7FFZBBHCB,1.0
TLPE6G7CW7ANM9WT,5.0
TOPE8S7QPKHRWNHE,1.0
WCKEC8AG8EYWFSA7,5.0
BBAE4BR6QAUEK73K,5.0
PTPDVPEXQ88YHBEE,5.0
SNDE2RSFZ7Y3G7Y8,5.0
HMBE2H8GSPFJAFFZ,1.0
TSHE8KHYFHKXHRXX,5.0
COMEAZ945RHFFGUS,5.0
COMEAZ94HWYQTZHZ,4.5
SHTDCFZRMHZFFUK3,4.5
TSHE6SJFFQUMVYBH,5.0
TSHE535MZ5CVFQ8F,5.0
TSHE8JZHJPUPWDKZ,5.0
TSHE8GGHEMKPZHGH,5.0
TSHE6KZZQ7BGSSQE,5.0
BRAEFWHAV6EWJFBC,1.0
TSHE7G83RZVRTTBB,5.0
TSHE8KKZRMHYY5T6,5.0
TSHE6ZF3FTCBWT4R,5.0
SNDE2PQ45GJSGYKB,4.0
SNDE4BHTMEG9GUMX,4.0
TSHE8QFA2YVHT8ER,5.0
KRKE9F9SRBFDZSPE,5.0
BRAEYGH6GCHZQUJG,4.7
BRAE6JCZAVVBXEFG,5.0
BATDCXVFGC7BHGZK,4.1
BATDCG2BUYHJSUZE,4.5
TSHE8GGHBFCQKMHV,5.0
TSHE8GF4NWDCDSX2,4.0
TSHE8GF4NEEGKNRH,3.0
TSHE8GF4ZQK2JVBS,4.2
BRAE2XHUYWB7JYPR,1.0
TSHE3BWDKM9E2G46,3.7
BRAEYTZ4FSZ3FXSJ,2.9
BATDF3AYH7YNCUZC,3.6
BATDCG2BN6HDVWPW,5.0
BRAE3HGCKX8PGBWH,4.5
BATDCG2BY234294F,4.0
BRAE6TUC3XVE4ZTH,2.5
NSTE4SBXUUEFHGGV,2.0
SHTE4MAFFV6MM7HG,5.0
BRFE9QY4U9PZGVRH,2.5
CMDEEFCX8VGH3UYG,5.0
SFFEGWP99ZYHSHFM,5.0
SHTE89ZK8H5TTWTT,2.5
SHTEY8UNX8WYBSJG,3.0
DREEJEYBGH53GSVF,5.0
GOGE3H9MZYZEZFZV,3.8
DREE6TUDFCEGGVWM,5.0
SPBE4DWQDZWZDC7Q,5.0
SPBDHUGSZWYGTS57,3.0
TSHEDMWXJYJCZQ9Y,5.0
SPBDEKSZ5JF9EYAC,4.3
SPBDGGG8MYABNX6U,4.3
SPBE3RJXPR9DZTPT,4.0
SPBDHHHHXPZJDGYB,4.0
SFFE7BG5FK8KG25T,5.0
SFFEHGT4TBH5ZTTJ,5.0
TGTE9YQ6FSDDPPHE,3.0
SLTEE6YYX9J6AYV5,4.8
VHREA2YHV47FAKF5,4.0
STIEYZ5TKK8CNADN,2.0
BLBE3Z6XSRG54AQH,5.0
ACCDCYB8NCGPEYEU,2.0
ACCDXZK5X7SKPZZT,2.0
TOPE6YMGKH2SZGMK,2.0
DIAE4BFMKWPXQF2M,4.0
LJGEY6D3VWCHKVPW,2.5
SWTDZKYDB5FJNPNJ,4.5
BLBEF3HEDXF5EBVP,3.7
SHIE4ZX45DEK8GY5,5.0
DIADSN4DSMJZWCPW,4.5
LJGE7ZC2G7WRMNGY,1.0
DIAD4VTRTSM2F4YR,1.0
VHREBSGGGYMBXU5E,5.0
BLBECSRFVRR7XCZH,5.0
LJGDZJBCRTFHWPZM,1.0
VHREBSMGYYUBVHHF,5.0
SWTDRCHFRNTWNEEJ,4.1
SWTEA4AKGDGYDNAH,4.0
SOFE9FS5ASZFGWVD,1.0
KRTEB48YQ2KV6CZE,5.0
SOFEB7MHGWTHZFVJ,4.0
KRTEYM23GSPDWPKV,4.7
KRTE8HQUGTUCC8PX,3.0
SWTE2MCEV3ADGTAK,3.7
KRTE7RMRRGYZSAET,4.0
SOFE9FS5PGNNQV9N,1.0
CAPE2ZGGQ56T9HGZ,5.0
BBAE52QH6R5GMSQA,4.0
SNDE5PJGWDSXSDQN,4.5
BBAE3QDNUGVN8QYG,3.0
SWTDZCHNPYBTGZBX,3.7
KRTE77XHSKPFQ9NY,1.0
SWTE7V5K6JAMTFZQ,5.0
SNDE93UPDQ5TNMZG,3.8
SNRE53FVTK2FQAKU,4.3
SOFE94HW8TPTGPNX,5.0
ACCEBKBXVFYQPJPZ,4.8
JUME8BZK5JR2KATK,4.0
KRTDXM88AJFUVZWK,4.0
KRTEE8SGZQWGZCUK,4.5
SNDDQYT6Y4FTMDDP,2.9
SNRE53FVWSRGRGS7,5.0
SNRE3Q384VRQC2ZP,4.0
SNRDWTGQ9FDKB33Y,5.0
BLBEATUAUHNEQGTH,4.0
VHRE8YHUHAYGJZ2Y,3.5
SNRDZHPMS2JSVHG5,5.0
CAPE2ZGGBSYGHRWR,5.0
SNRDZMQ862AJVKGG,4.0
SNDE28TSTBZUGG8M,1.5
KRTE4PXM3U9MTYPH,4.5
SNDE28TUKXHH5ZEW,3.5
SNRE56H4GFPNYGHV,1.0
SNRE5GP8YDRKNAKE,4.0
KRTEFFGYSEQZEPCU,4.3
JWSE2V7FY2EHVSZX,5.0
SOFE8BZMFT7VRBSJ,5.0
SHOE28TKBXVEFWZM,3.0
SNREFCHPZR8YGBSX,3.8
BLBEDMZYZSSCJUZH,5.0
SNDE28TRKCZXHCJY,2.0
SNREYGHCFWFGFA26,1.0
SNDE5PJGURDFBURG,4.5
SHTEATTURTG7HX3X,4.0
SHTECFPYKSAGHGH2,4.0
SHTE4YFYJDWERKMR,4.0
SHTDXYNYZBPHFFFX,5.0
SHTEYPEAG7JNSVNN,3.0
SHTE94E9YHVD5YKW,4.5
SHTE4ZUYKEZKHYJQ,1.0
BBAE9ZGYGSUHMTXG,5.0
SHTDZWNYY6D6H2CM,3.7
SHTE4CNCZVYKFS5Q,3.7
SHTEYX5H8NYSBBBW,4.0
SHTEFUHGAUHRCJ5J,3.0
BBADWZFDVJNFAMUH,5.0
SHTE38MZUZFNQQ5G,5.0
SHTEB96CYRMYSVZS,5.0
BBADVRPJYHHMUSFE,4.0
SHTEFHF87D8XFUAE,4.0
SHTE3FCVRR7RXQ7W,4.5
SHTDXPF5YTCNDDDD,4.0
SHTEBTB9ZM42MVDY,5.0
SHTE4YFY6PPGZNV6,4.0
SHTDYKJYN2HMCRFH,4.0
SHTDZFVHY7TKGUMA,2.2
SHTDXUZWDBXHW9WE,3.9
SHTDVHKRK3SZAUB5,5.0
SHTE4YFYWCGZEPHB,4.2
BBADVRPJZZZUASPZ,4.2
SHTDVHKQPDCXMJJ5,5.0
SHTEY3BTCJMHHVCN,3.7
SHTE6XPTSZWHHRD7,3.0
SHTE9WH3KDHUZYF6,5.0
SHTE6WFRGZJASZVJ,4.0
SHTE9KP2HFAUNPPG,5.0
BBADVRPJZZNHWUGU,4.2
SHTDXPSX8XZNNCZH,4.3
SHTE4KBM7NHQDAVA,3.5
SHTDZZHVJJJDEHQS,4.5
SHTE6J6G6UCVVDHU,1.0
SHTDUA8CYNSGTQZF,5.0
BBAE3ZZVU9G6XVNS,5.0
SHTE2ZMYHPXDXUEH,3.0
SHTE83XZYCAJEPJC,5.0
SHTEFWJHZWQ4RPYZ,1.0
BBAE75HAMG45WNGF,5.0
SHTE4YFYKYZZG4MN,5.0
SHTE2FCTN7MYJCUW,4.0
SHTE9WVSXWXXVN7A,5.0
BBAECZMBTFADPAHM,5.0
SHTE84EAUD62HGHE,3.6
SHTEYV3NHNXUVRGB,4.0
SHTE3WVSJMHBAKUA,4.0
SHTEBG8FZJFYB9DR,1.0
SHTE7F94WHE65CJJ,5.0
BBAEFGBEZSSZGMFZ,4.0
SHTE6GKKTZ3MFZTH,4.0
SHTE6PXKYFE8Y3JT,2.0
SHTE9SZJHUNFNVNG,1.0
SHTDYP6M8TXRF9U5,1.8
SHTEYE99AMMVKYDK,3.8
SHTEYE95VGBA4XXM,3.5
SHTE4CNCXQWEPQY9,5.0
SHTE4YFYME4TZPWK,3.3
BBADVRPJSSYQ9CG2,4.3
SHTEYE998X2JFGDE,4.0
SHTE966URDVWTHUZ,4.0
SHTEBBWJXBH9GPHD,5.0
SHTEANKUFFWHHJBU,1.0
SHTE2ME4Y3QR83ZM,3.7
SHTEYUYSXAEHDMTR,2.0
SHTEA48RTJTHZY4Q,4.3
SHTEYFC2YNHHZX6H,3.0
SHTDYP6MYFEVHQQ4,4.3
SHTDXYNYTHQHTPQY,4.7
BBADRUPT2C7HVVS4,2.7
SHTE95RBF9JZMYSE,4.0
SHTE4S4NH7GH6ZRH,3.0
SHTEARX7ZJDXFT8T,5.0
BBAE9ZGYTRBF75VW,5.0
SHTE37HP6HFZZAEE,1.0
SHTE63XZJFHSSEQA,3.0
SHTEA8GTM6GGGEZB,5.0
SHTE6P4FWF9NHF3V,4.0
SHTE2ZMZQVGQXCKG,2.0
KRTECWCPVEBJ8J53,5.0
SHTEATTUXGYSFFM2,5.0
SHTEARX7G5EV5FJX,4.5
BBAE7QTPGDJESHNS,5.0
SHTDXDM4QZSFRCAT,3.0
SHTEYE99ZFYA37JD,3.5
SHTE84EA2BPH5FTY,2.7
SHTE8CX8Q3SMVXSB,3.0
SHTE6YVVZAUUCUKP,1.0
FABE4KCTTX3UB4DT,2.8
FABE4KCTDQPJUQSE,5.0
SHTE6FWQKBCFYAGX,3.0
SHTDW7AQUHWQUYHR,2.0
SHTE5Y655ACYCUAC,5.0
SHTDVC4GUEY3PZRC,3.0
BBAE3YT8EJ2S3PWA,2.5
BBADVRPJYKVBJH4Y,4.2
SHTE8YZWGRGDYEZQ,5.0
SHTEYUYSZGA5QYCM,4.0
BBAE7YVPPEGDNGP4,2.5
SHTE9795D6MYYRJ3,1.0
SHTDZEKGZFZDVCKJ,3.0
BBADVRPJUVEV7CPY,4.2
SHTDSV7BZZWZDTWB,5.0
SHTEFUMGZHHHKKQZ,2.0
SHTDZWNYZFV33BAX,5.0
SHTE27TBBXZDJYRY,4.5
SHTEATTUPYGJ8FGG,4.0
SHTEBEURERJVXNWR,2.0
SHTE2HWGWBDXRFMH,4.3
SHTE6K74SNUAZWFS,5.0
BBADVRPJZYQ5MBZB,4.0
SHTE5Y65Q27B6XTS,5.0
SHTE76GKKAHACGYJ,4.2
SHTEFUMGZHQXWA4M,2.3
BBAE7F9BHY3SSBGM,4.5
SHTDSV7BZ9YSXYY3,4.0
SHTDYKJYKZKGZS9T,2.0
BBAE7AGX9CTCWX3W,1.0
SHTDYKJYRSAJVHQH,1.0
SHTE95RBGBFDKVZF,1.0
SHTEYV3NX7CCHPME,1.0
BBAE9ZGYZGFMTBUZ,5.0
SHTE2ZMZJFVWXJ5M,5.0
SHTE7F94BCBVQFHH,4.0
SHTE8GCDEMKSUYHQ,5.0
SHTE55HGUD8ESUTQ,4.5
SHTDXDM4QY59UHZR,5.0
SHTE4CNCEMRZVBEH,5.0
SHTE6Z7AHX8VZSGS,4.0
SHTDYKJYZWJQEJK9,3.3
SHTE8H95ZHYJ9TCW,5.0
SHTDVHKPPMUFYH6D,4.0
SHTDXXKFYPQ4ANVV,4.2
SHTDTYYPSUZGKH89,4.0
SHTE8BFQRV6SDRP6,1.0
SHTE5EFYW3HTFZGV,4.0
SHTDXGKKYNYSGKKK,4.0
SHTEY3BTTRDEXAGT,4.3
SHTEFEVDJKHMCFRC,3.0
SHTDZJFVVAGGZCCW,3.0
SHTDUA8CYBFUN4PU,2.0
SHTEYYY4N2GNKWXH,3.0
SHTDZEKGW6AZV9CY,1.5
SHTE4T6FGDXABBHN,2.5
BBAECVGX7ZKEM3UC,5.0
SHTE8C98PYTHAZ5T,4.0
SHTE8GVYNAJKT5HY,5.0
BBAECB8FBGJUWWH4,5.0
SHTE2GYXNYYWW459,5.0
BBADVRPJUC3RU7F3,4.1
SHTDUA8DXHWKTUVD,4.5
SHTE4NR3HFWFBDUW,3.0
SHTE95RB9NPYAC8R,3.0
BBAE7F9BB6ZSZZTU,5.0
SHTE4YFYH2VVWTBJ,3.0
SHTE7P7XSYGKYGAX,4.0
SHTE95RBYGWYGDVY,3.0
SHTEAGWVSH5NSBZP,5.0
SHTEANHWKH5AJVFG,5.0
SHTE95RB6PQEEFDN,4.5
BBADYE6HFZKJD6FG,3.0
SHTE95RCVYGEY4YS,3.0
BBAE3FSU8BZS8VHT,3.1
SHTDVC4GXFZM7WGR,5.0
SHTDXXKFVY8FCKJN,4.5
SHTE7F94FNDKCBQV,5.0
BBAE4HBESXXHACEM,4.2
SHTE6Y46VSVGNZ4K,4.5
BBAE9ZGYVSGPHHKM,5.0
SHTE5J37G5NZEACS,5.0
SHTEAP5YP4TNNNHE,1.0
SHTE7VFKXCYHZY5C,5.0
SHTDXPSEJQCAZGE4,5.0
SHTEB96CPNPNXS3H,5.0
BBADRUPT8RG6KZAH,4.0
BBAE7AGXF7XM42G6,5.0
SHTE8WQTQFFMHMGM,4.7
SHTEY2Z4ZZYHB7GZ,1.0
SHTE8E6YZH27RHZG,3.5
SHTE8BFQZAZFMKJG,5.0
BKPEYQHB6J2PN9R4,3.2
ACCE5DAAJGHATWZA,5.0
RCTDWTG6YVYEMHEA,1.0
SHIECZNMYRAQJHRW,5.0
SKIEADMF6MEE9PWU,5.0
RCTE6BQ4BK8XQQKF,1.3
RKSE8JZAPUG4AK3F,3.3
RNGE3HSTTP6C9ASW,5.0
SKIE45X3FZDSF4BK,3.0
BKPE79UX3AHF8JQR,3.1
SPBE7FR5SM8SPZTD,3.0
BKPE6NP9CNQSFSFQ,5.0
ACCE5DFUEN7HYYHZ,3.0
RCTDHPZTWCHTKKSW,5.0
ACCDCMMNZWMACPQW,5.0
SHVDKAYXPNNHWZAD,4.4
BKPE3Z2HBCVZZZGR,4.3
SHVD2H7URCYYAHAH,4.9
BKPEY9TNHRGN9HRM,3.8
RCTDWR8FFE5FCH5H,3.0
SHIE7KDV9H9YEHZ6,5.0
ACCEFZVEKCR9BQJQ,5.0
BKPEFKJYGPRQWMZ7,3.6
ACCDMWEGPQXZUTYZ,4.0
ACCDSB6EJXB8B9GG,4.0
BLAE2HWCGMSQV2F5,2.8
BKPE4MU4T2CJ5YTJ,4.0
NPYEDKU4ZQ2KTE3W,5.0
RCTE38HXGH4CJEPH,5.0
BALDCJFFGZHQNDT6,4.1
ACCDRSJR2EEPBYUG,4.3
BKPEAM9EGPND2SNG,4.2
SHVD8JYZHHVHBA6V,4.5
SPBDWG6GJGTSWQVT,3.9
ACCDHHWFSWVWGXDY,4.7
ACCDS2HWGTMJGVHP,3.0
RNGE3JRMHKFGFEXH,5.0
SKIEA8SSSEUAQ8CW,4.0
NPYE5QUHW3Y8TGMY,2.0
ACCDYHSZ8YYYY7C3,1.0
RCTDBTJ6ZHJ3H2XF,3.9
SHVE5KZ9ZWJKGCHH,5.0
ACCDTD2ZVUHW6HZA,3.7
BKPE497YU7UDFWYQ,2.2
ACCDSWHWFDAK95ZT,4.0
TBRE4WHJJCNFH4FT,4.0
LSKEBQ8T4BJMATMX,5.0
LSKE9CGXRCJ7JHFF,3.0
INKDYVCRYMNQAZKR,2.2
SWSE37HH2F2M25CH,2.0
TSHDSHQEKAECUYFH,4.0
TSHDX5N6ZEEWFNG2,4.7
TSHECAV5C2HN5GY7,5.0
TSHDXWECXZ5HWJCA,3.0
TSHE5NEEUSZNTU2J,5.0
BLREFZGP3QCZZZTG,5.0
JEAEHKA3F4REG4SJ,5.0
TSHE6KBGGWZQGZDZ,5.0
TSHE5VVMQ4FPZVZJ,4.0
TSHE7H2DQYMGCHJZ,5.0
TSHEF3Z3ASHT3HN7,3.0
TSHEFJFZCGXRYC9X,2.0
TSHE5NYHTEWHGM6B,4.0
TSHE4YJMPHQXTPZZ,3.3
TSHE93RYGKYFFBHA,3.0
TSHE2MEWQHFHRAN8,4.0
TSHEA7W9NV6FMEZ5,5.0
TSHECVF5ZH6E4KFQ,5.0
TSHEF3Z3ZMGUWF6P,3.0
TSHEA7W9E9WHVBTM,4.0
TSHE7FR6UX9YJTBE,2.7
TSHE5HQFW3MXDYKV,5.0
TSHDZ5ZJUNTXSZK8,1.0
TSHE6KWDUJHUJ2DD,5.0
TSHE5HQFQ6FXP9GY,3.0
TSHE6KWDZ7RES3RA,5.0
TSHE5VVMYGFWVNRF,3.0
TSHE66CHHB7WYRVE,5.0
TSHE9CGGGVYT3KR8,5.0
TSHDZ6S2CJPBHZGK,3.7
TSHEBUZ7DHB8XBHV,5.0
TSHE9K9JEJBYHQQF,5.0
TSHEA7W9HFSF5J9Y,5.0
TSHE2MEYYYQBTBEY,4.0
TSHDZCZYMDX6BKQD,3.5
TSHDZCZYMDZHRBFK,1.0
TSHE6KBGSBZKED4U,4.3
TSHE7KBHSZGHUHHE,5.0
TSHE7KBM54F2ZQBF,3.7
TSHE6KWCHQSQAKK4,5.0
TSHDZ6S2QPKKYVSF,3.0
TSHEFJFZVADWKUVC,5.0
TSHE3FCUPNHUYZWY,3.0
TSHDZ6S2XWQUHWZ9,3.7
TSHDZ5ZJTQR6WBY8,5.0
TSHE3EYCXNMCM9NN,1.0
TSHE7KBMVFRKXA6N,5.0
TSHE6KBGSTNZHJHP,5.0
TSHE9CGGP6VHNMZ5,3.1
TSHDVN8WRWGY4QZN,1.0
TSHEA7W9VCKX2DSJ,5.0
TSHDTTQFSGZUTURG,3.0
TSHE2NMKT88GYMGH,4.0
TSHE6KWDSPNRHFDC,5.0
TSHE6KWDYXYAYTZM,5.0
TSHE5NYHZY8JZDDF,2.0
TSHE4YJMZHNXAG4C,3.0
TSHE6KWDZSGWYGAF,5.0
TSHE6KWDZRGJHNYA,4.5
TSHE2MESF3ATPA7G,2.0
TSHE3H9TZJNYMHUW,5.0
TSHE5VVMMGZC7Z2T,5.0
TSHDZ5ZJZGF75KGA,4.7
TSHE7FR6QVBUM7KM,2.7
TSHDZ5ZJ4Q7KGCDN,1.0
TSHE7KBH5J56JY4F,3.0
TSHE7KBH65QU5PJE,5.0
TSHEA7W92TPXC6JH,5.0
TSHDZ5ZJ3QDK8ZNB,5.0
TSHE2RX9HZRG32QQ,1.0
TSHE2MFFGPTJK4PH,2.0
TSHE6KWDZZTPGFMG,5.0
TSHE6KWDZJCPGGEZ,5.0
TSHE9KFZHUFGPHJE,1.0
TSHE93RYD5FX5MPW,3.0
SHIEY9XFGAWF3TU8,3.0
DEPEDXSYGHYWFHRT,5.0
LINEHDNYFGYZDBYN,5.0
WATEAY8W9HGKFUUQ,5.0
WATE96XZR5NRQFYX,3.5
SARE86DZPAVZZ8S5,3.0
TSHE26PJVENGBGFY,5.0
JEAEY8V9YS3DB8HH,2.9
CUTDTXFGNGUGSKXH,3.1
SNDEAN42XPSZS7MN,5.0
BBAE4FG965UCG9PG,5.0
CHDDW4RUMNAHUJCB,2.6
JEAEB3UYMT2KNGE8,4.0
CHDDWG32ZYENVXEX,4.0
CHDEYV2MYNAV6KG6,1.0
BLAE8YHUYQG5JBBF,3.0
BLAE8YHU6APGPWDC,4.0
BLAE7ZK96GZGSYVG,5.0
WATE7PYRWT8ZEY5Y,3.0
SARE3WVSRJETB4NS,4.0
WATE3FAG5KAHZZJP,3.0
WATE3FAGBMUANYJZ,1.3
WATE3FAGQZPGYYDN,2.0
WATDW8E5PGWQUFWY,3.7
WATDW8E59X6EQTJH,5.0
SHOE84EAMMT8WBW9,4.0
KTAE6NYGWKMXMX5G,5.0
WATE6KYGHHMDFFMK,5.0
BLAEY6CMPWHHNMZQ,5.0
BLAE5KYSAZ6QNEXV,3.2
ACCEYTXCGP4W36VY,4.8
ACCE26U2UDT3WUEN,1.0
ACCEYYX9Y5K8GGXZ,3.7
ACCEYYFYNFKKTZSZ,5.0
ACCE2DCZ8TAFNEAP,1.0
ACCDYHPHP4EHDHYC,5.0
SNDEBGYMXGTC7BUG,5.0
BTWDN9FZJWX4TBMZ,4.3
JEADYGM9AFTXAH7J,3.0
WATE9MXPNCGYHEK3,5.0
BTWEFZ4V9VFX8FAH,5.0
WATE9MXPDDFGKUKK,4.0
WATE8HU2ZJEJS92Z,5.0
SHTE34TJTDDGP8TH,1.0
SHTE6Q3KZ8TABHGN,3.5
SHTEYPJASSGVYW3U,5.0
ECMD9YGUDNHZCHZ5,4.0
BAGDXDN4ZHH7XTDE,2.8
BXRDZMHE4JPGHNN3,4.8
BAGDY6DXVHYBVQPN,4.2
BXREARABPBQV65R5,4.8
BAGDY6DXXV7FZHQY,2.8
BXRE798Y96MZMP97,4.5
BXRE7YHJVCUKHKF7,5.0
BXRE6GAZFBFQJZBD,1.0
CSPDSU5QKRPTGZGH,4.7
WATE5ZJZCGQUNQYF,3.8
SNDED4G9SBG4BZY7,4.0
SLBDZ4Z6PKKRGUKM,3.5
SNDE5V33PWZAGZDY,2.0
SLBEAJZT8RVCKNMG,3.0
SNDDZK5FHH85BUZN,4.5
JWSE2J29CCGMJFKH,5.0
PENDTRFZ3YW9SVVV,5.0
PENDTRFZGSCY6CBM,3.0
BBAE9JAZJP8ZHNBX,5.0
ACCEYMFJFNGPHMVW,5.0
ACCEFAG9SWHGCHJD,5.0
ACCEYGZVZRV2HXNM,3.0
ACCEBYWYDYHDZYDK,4.6
PENEAFA9SFMFMZGS,4.0
ERGE4DSXWKPRMJPY,5.0
WCKE56UCWPSXZMZS,3.7
ERGE3Q7TWPZNVTRG,4.2
WCKE84H8CZW3H9TD,3.0
ERGE44U9QGSFRFGT,4.8
TSHEA48ZVHUBNESV,4.0
TSHEA48Z73YRUPPH,1.0
ERGE3RHDKXKNF9TS,5.0
ERGE865HYZYG3ZTX,1.0
ERGE3Q7TWYWJDHYU,5.0
WCKE56UC6FHRF8TH,4.0
WCKE23K4EUMSGH4F,1.0
WCKE23K4FHXSXDFP,2.8
TSHE6VH6ZVHVGY7B,5.0
PELEY2Z4F78JSKGE,5.0
PELEFH68JH6FDERS,4.2
PELEYC9Z9FDZBDZU,3.3
PELE58U3FFP8EAAT,3.0
PELE43Z2Z3XG55WB,5.0
ACCE59YXYNSCHX6J,1.0
ACCE8JV7WA69JWEW,1.0
ACCE66FE7EG4QH7P,3.7
ACCE7HKR3QHGFYVF,4.0
ACCE7VEFCM6ZZAYB,1.0
ACCE6FZPCEEPAPGM,5.0
ACCE82YYF7BJBXZ7,5.0
PELDWNR5EZNU6H4U,4.6
BKPE65ZGHGBZQBCY,3.3
BKPE63NZAEVFJ9VB,5.0
BKPE6RDGZMNKCNFG,5.0
BKPEYN9AGHRCKEQY,2.0
BKPE63NZD2SKTWZP,2.4
TKPE2GSYFFVWFNPG,4.0
TSHEBJGPDNYN6YRS,5.0
TSHE9PUPSXWJDKMQ,5.0
PENDDM4QZXWDD8AX,5.0
WCKE23K4PDUHH5YH,5.0
LJGE9XBF7WXVQKGA,5.0
SHODZJFFAM2H9CRC,4.2
DUBEAN9SCDCVGZBZ,5.0
JWSDXHXGZGR3ZWHG,5.0
SHTE5DFYHEGXBBSS,5.0
SHTEYN8S5FHNT99G,3.7
ACBEA449ZGSRGHXF,4.0
ACBEA449GB89ADNG,4.0
ACBEA449K34MHNGG,4.0
ACBEA449ZTQWXSPV,4.0
ACBEA449EDYHB9ZA,4.0
ACBEA449ZZJEYJFG,4.0
ACBEA449YYQTABFN,4.0
ACBEAGHHSUKWYKFX,4.0
ACBEA449RSHGJ4GE,4.0
ACBEA449RNQG3NMX,4.0
ACBEA4495H4WS89A,4.0
ACBEA4494GNXG3TZ,4.0
ACBEA4496TX8ZZV4,4.0
ACBEA4498A9CBFRX,4.0
ACBEA449WHCY6BRR,4.0
ACBEA449AW9GBEUE,4.0
SHTE9XBFQDE4HPGF,5.0
SNDEYFWRUAVG9HGX,3.0
ETHEG78XAFUWG3CG,5.0
CNSECAEFNH4KHQAN,3.0
JCKEGYPKKWGZRBKN,2.0
WATDX7VGHZAP2GZG,3.7
WATDTWVV6GUFGHF3,2.0
WATDM5YRFYJHCHBU,4.0
SHODF2C2SHHEFYRG,4.1
SHODKYZ9C3HHKA3J,3.0
SHOE94J3RHN7Z6AC,3.6
SHODRWMX6YFTNG8V,3.1
SHODMFY6JGMSB3CR,4.5
SHOE7BZ8KYCYNDCG,4.0
SHODXSWWQENJWHDK,1.8
SHOE2QSWZZFSCHAJ,4.2
SNDDTY8HHGHCR4ZG,3.0
SHOE34YXWXZ9PCFF,5.0
SHOE558ZECPBYKXG,3.0
SHODX6XYJXS2YXFY,5.0
SHOE5DFVH4RX6YAF,1.0
SHOE6BEWJ3UEBDH9,5.0
SHODZYPRHHQWFTF9,5.0
SHODF2C2WGTMVQFZ,3.7
SHOE3HGTYCWDACZ7,3.0
SHOE6KRTGQKP7FWM,3.5
SHODXYYHVHYDQ5YN,4.1
SHOE24GJYF8FAPWK,5.0
SHOEE6UHZZD83ZFN,5.0
ACCDG38FUEYXRS5A,3.0
SHOE68H5VYFUXUWK,5.0
SHODZTGT6VB5YA8D,3.5
SHOE68NHF93EP4VH,1.0
ACCDQRVC3FT9QWAU,2.5
SHODHNUKYZZDYHRF,4.0
SHODZU52VKGPEEGY,5.0
SBSDUTY72YMGHEY6,5.0
SHOE632JZBF4EF2H,5.0
ACCED842W6KR595R,5.0
SHOE6BEWXGRHXZYC,1.7
SHOE558ZNZWGFGPF,5.0
SHOE2DG2VBCCY2Y5,4.5
SHOE3SZWY6USCQYN,1.0
SHODQ3FUZVFEZFKQ,5.0
SHOEFWQGHEM2FEEG,4.8
SHOEFH4VTVXDRGKG,2.5
SHODQP7ZZRGUAXNX,4.5
SHOE7U642BAVQGX6,1.0
SBSDUTY7JJXG2ZNK,5.0
SHOE7U64ZNRXCBZF,3.0
ACCDDQFZJGMXA58D,3.0
ACCDG38FQQGWYHZD,4.0
SBSDUTY7AZYZWSQS,5.0
SBSDUTY7NCF8T8TP,5.0
ACCDDQFZHKDB7YH5,5.0
ACCDNSFXZHAFM2Z4,2.5
ACCDQRVCJQ3U5DUS,2.6
SBSDUTY7VSABNSCK,4.5
PEBECZEHCCAZERYV,1.0
SBSDUTY7HTCTHD5V,5.0
ACCDZBVY3W3EJ9YF,4.0
PLWE8TQEW8KSMEQF,5.0
SBSDUTY7VBTVKMFF,5.0
SBSDUTY7XQRHXVRA,5.0
ACCDDQFZKMHHFSBG,3.7
ACCDDQFZNN6RJ7GS,1.0
SHOE8APHN5RKHCDY,5.0
USGEDX24UXPEEZEH,5.0
ACCE7W6P6NGHMGVG,5.0
BALDMEYGGYHCZFQK,4.7
SBSDUTY7FUJGFGZZ,5.0
ACCDGZDM9MQUUKER,1.0
SHOE96Z9KHM4WGAA,2.0
SHOE8KP4W9XCN3FJ,5.0
ACCDNSFXKWYDRK7Q,4.5
BALDGQB9GG7DC57H,4.0
SBSDUTY7DB4PDJJS,5.0
CWRE84EDSKFE8KF5,5.0
BALDHX8K5AFFMCGY,5.0
KRTE3SBUBNNRSK7G,3.0
BALDXVA6HJASHTDW,5.0
BALDMEYGWWRZ4DAC,5.0
TRODYXVC8MXEWWQR,5.0
BALDD3CZ38D4XFKH,5.0
USGECXHFRRHFGRG2,1.0
USGEBZZ3Y567FZKP,3.7
USGEE5ZTTUZDK6Z8,2.0
USGEE4P5BUGKHE2M,4.0
SHOEY7HYDHGCWUPF,4.5
SHOEY7HYNUXSNAT7,3.5
SHOEY7HYCTPKZXUB,4.0
SHOEY7HYSEZJQMMY,1.0
USGEDX249AJ5XFKT,5.0
USGECN4WHY7M9MZJ,5.0
USGEBHHGHGUYVCZ8,3.7
HTHEDJCGQZ2RHXVZ,5.0
USGDV9ZE7CM6PRRU,5.0
USGDWBQZ7FYD24WM,4.8
USGEDX24YE8JV76H,5.0
USGEE3YXGXN9FHUQ,5.0
USGEDX24BCNC63FE,5.0
SHOE5HYUCXZXTSFE,2.0
BALDK98MYRRTHZHJ,5.0
USGEE7ACNU4ZGY5E,2.0
USGEE5ZTJASSVBHV,2.0
USGEBZZ3SVFAFF5E,3.7
USGEAMADA8XHH2UM,3.0
BALDD3H7BUZDSQ77,4.4
USGDU93BCDCFUQEC,4.0
SHOE3MZZYSGSFNHJ,2.0
SNDE8JZA27HBHUJR,5.0
SNDE33WXXFHJUZPD,4.5
SHOEYAYFVXGSD6ES,4.5
SHOEYAYFZYJEK2TN,1.0
SHOECD8GFBPPBPVM,5.0
SNDE9G8EHTUXGSWF,3.0
KRTE5SS9GKZ6FWDG,5.0
KRTE5F842WBVE5NQ,2.2
SHODYYX9N2ZM7CYY,1.0
SHOEYB2F9VK3GAZG,3.5
SWSEBXYY8KDH842P,4.0
SWSE2QQFZFAHU6HS,3.0
SWSEC8PKPENKTGVF,5.0
SWSEYFY2E6P8HYSP,5.0
SWSE22FP6CPFS45P,4.3
SWSEYZ7FNGYKDC7Y,5.0
SWSE35BZH5UUWENW,5.0
SWSE3N3YRXWAYXKQ,4.5
SSKEGDY6TVVGYPMQ,5.0
HGLEA2G4YBK3JHZM,4.3
SHTEAEKYBHPQTNZK,5.0
SHTE7ZPZZY64JF72,5.0
SHTECFAKNASP6VVJ,5.0
SHTEF3VTKZT2FUSG,5.0
SHTECYFAZRXUGX96,1.0
SHTE2FBNHEJQSZUF,4.0
SHTDZDRP2JGKKUWT,1.0
SHTECWFBJWJ4WXRG,5.0
SHTE6RHTHFGZE6VV,4.8
SHTE6P4DSFYZGGGU,2.0
SHTE5C2HZYNMJ8SX,4.0
SHTE9UZBRZNTUQTN,4.0
SHTE6RHTYXHMZ5FR,4.8
TKPE9GRBBH8G4SHX,5.0
BBAE4DS7AJPPPZ96,5.0
SHOE58EKXSEYAYX6,2.0
BTWE3VWM9HENTJXC,4.2
BTWEYHEHZGE7JTDJ,3.5
SHODZ9AKGHEYPWGT,1.0
SHODZDFBUZVTNZUH,3.0
BTWDZHJGZHKPHDSG,3.5
BTWDZHJGSFJ4SQ8G,1.0
BBAEAXFQHHMF3EYZ,5.0
BTWEBX2SHBRWEZYW,5.0
IFPDFZMGQZCHXVR5,3.5
BTWEYHEHGEHZP4RV,1.0
BTWE7GTGSHBTEZC8,5.0
BBAE5AKCDFDZ2FWQ,3.0
BTWE2QPEY9F8ZBGX,4.0
BTWE5QUGZHGG8YZH,5.0
BTWDYMY2QQGMGSHY,5.0
SWTEB9BUZ7GPWZ4G,5.0
BBADR66XXFKCHXCM,4.0
SWTEAFYHGPFNGHUS,1.0
SWTEAFYHHBKXUBF3,5.0
BBAEAGTC3ABCHVEY,4.0
BTWE6N5SXYEJHZPB,3.0
IFPDFZMGZBEZ3KCZ,1.0
BTWECDBWTUETCFCK,5.0
BTWE3SMGGTGTSMNF,2.0
TKPEYPECGWCK5HH7,4.0
BBAEANYZ3FGWQY2Z,5.0
BBAEBY58VYWPEMWG,5.0
BBAEAG4DN8TYH7EH,3.0
BBAE8QEFYAQFSPHP,5.0
SWTEYZ7YWYG77NPD,4.0
SWTDZCHNEZAGKVHZ,3.5
SWTEYZ7YNGBQATFY,4.0
BTWEYFA942QUCJ6Q,3.5
BTWE8FGZNHZTFPMT,3.0
BTWE5QUG296M8Q39,5.0
BBAEA8FD33BZXTEZ,5.0
BBAEAG4DMUBBYUKA,1.0
BTWEYC5VMGHUZBDV,3.0
JWSDYTMZKQ5TBSQY,1.0
SWTEDAU6RPWWYMJP,5.0
PTSDZUERRKENB2FV,3.0
BTWDYH2TV374GBWR,5.0
BTWE6HD25KATEMZQ,4.0
BTWE6HD2UQA5HBHY,3.0
SGLEJUPQYCPT7QGU,5.0
SHOEBYXXZQYHGJJY,3.2
LJGEGJJ3A3YPGNMP,5.0
JEAEGWZZZZHV77CU,5.0
SHOE9SEPYF85JXNQ,3.4
SHOEGWVEARZFYHUZ,5.0
SHOEAJHWWBJBB8DH,4.0
GUADCG9TAWKF49RZ,5.0
SHOECYRFRZW9KDY2,3.0
BXREFP5MUQBJU2DE,5.0
SHOE8YNTDQGYYSHR,4.6
SHOE83BTZFSTW9FD,4.0
PWBEHD23J2HXNMBT,5.0
BRAEGZYDHFHZ6WRN,4.3
BRAEGZY9JWRP7SZT,4.4
PWBEH239K4WVXXMM,5.0
SHOEGDT7PZMGHKQF,5.0
PWBEH24XHG2YBYED,5.0
ACCEF8CZKFEXZKFM,2.0
STFDTGQZGEVP2HAM,3.3
LSKE26U5F87S8GWH,3.5
BLADZ9CWEWMBEQZN,4.0
BKPE687F7GK6AYU2,4.4
HOFE4P3YD2BFJYYT,5.0
RCTEE9GGHDFFWEF9,5.0
SHVDNAZR4CJHKTQK,2.5
LSKEDKXZBSVQ883C,4.5
BKPEYQHBGRH6KYMH,2.0
SHVEYGZUH6MAGSPS,2.5
BLAED8FWSFTEZARZ,4.7
BLBE7FGJKZHQYNJF,5.0
SNDDVP9CYXHTZ7XC,5.0
BLAEFNYCRGTHXXEX,5.0
RCTE5BZ4HTGYDQZC,1.0
BKPE4GF4HMYZRQAM,1.0
SHVE5KZ9AYH4YSJ5,4.4
BKPE25GC2ZFVGGNU,3.0
LSKE36A69ZNY64DG,3.0
BKPEB2PFJPENHHJK,4.9
SHVE9VHFFYAY8HBT,1.0
BLBDYGA8SAAWHNVH,4.2
BKPE9R5CWH6CNCWM,5.0
HOFE4P3YVFHFFMGS,5.0
SNDDVN24AHEAYBYM,2.0
RCTE3BSA9AQGCZXX,5.0
BLAEFNYCWVERCSRX,5.0
TSHE3HJWSZ2AZGPR,4.0
SHTDUA8D3GGBMNTJ,4.0
SKIEAP5UYKWH9VZP,1.0
BKPE536FHSNYE85F,5.0
BKPEBAUXZVMGHBUG,3.6
BKPDXV8HNGJJRBWC,3.2
BLAEFHQ3DNE82GHZ,5.0
DGBDFGE4UJQDEZSJ,5.0
BDSEGWT4FQHRSENN,5.0
BDSEGWT4WMZANBMH,5.0
BDSEGWT5Q2TNUKHX,5.0
BDSEGWT58RQP4DXV,5.0
SHTEJP22GH6GHTKR,5.0
FDMEEHE6PWNXWYMK,5.0
GRTE8KFBQ8RGDNT7,1.5
VESEGRBBR2ZGYCQW,2.3
VESEGRBARYJUSGJG,3.0
WTBDPEWSAHZZSHB3,4.0
ETHEJ6F5BGTXT4RK,5.0
UMBEGFF6VMYKCFVZ,5.0
TRODZNTFF9EXWB5S,3.2
PPSEFPYTHEZGXHUS,4.0
SHODTSJPKFRPAZKH,1.3
SHVEFNYPDZDWQCZW,3.6
SLIEEXZYYFHXTCZA,5.0
JEAEC87ZBHGBMVZC,5.0
BZREHJ6Z8WJQHFPX,5.0
LINEHAGVMJ7QUUFJ,4.0
ACCEGKDGVZWHYV5H,5.0
BLREDZCAQN5FRGTF,3.2
RAMEGFGCHMH8AN8W,4.2
LPBEFHWZMT3GMH4U,5.0
EKTDG5C5QSADZZ8J,3.6
DREDT9RCUGEJ6BQU,3.6
DREE9ZKYZJHBS45P,5.0
DREECCMNGJUWZDVF,5.0
DREDV8HG7Z8BFFXZ,4.0
DREECCMNZSVNVHHK,5.0
DREE7UE3SH2GGG2F,5.0
DREE58QRW5T5T8MK,3.0
DREDV8HGDHM8D6PU,4.3
DREDZZTUSAHPHGUS,4.0
DREDVC24VGNSAKFZ,3.7
DREECCMNACW7K73W,5.0
DREE5TGRJWKBAURG,5.0
DREE8AQXPWYHDYGR,5.0
DREE88KNZCHEBWSM,1.0
DREDUDJKYY8PFJJZ,5.0
DREE8JUHY9YPVBFG,2.8
DREE6D3EAYAHMAPE,4.2
DREE6D3EXMS7DAZH,3.7
DREDZZVYZB4V9DGN,4.0
DREEAXE3VAX3GY9Y,3.0
DREECCMNWCGEMQYP,5.0
DREDZHYUNBFXRK3H,4.0
DREE9EHEWXZYSCDU,5.0
DREE3HGEK7VH4ZWP,1.0
DREEAXE3W4GCYENW,5.0
DREECCMNMNBWJUMX,5.0
DREE6VTRBEX44KBP,1.0
DREEBSFYMUHT9NJX,5.0
DREE4BHHQKZSNPNG,4.0
DREECACWVFWUG5P2,5.0
DREE9QY9NFZ2J7RD,4.0
DREDXXNFYCD2VEXN,1.0
DREE8AHXBEQN43BA,4.5
DREE2ZMUBG4D4JZS,5.0
DREE5M4Z4YKVRTGR,5.0
DREE6YZZQEQDK525,1.0
DREDSUZWUZMYFJMF,4.2
DREE87ESGZM4KEJF,1.0
DREE88KMCGFCEHJR,2.0
DREDVGBGWKSAAVVG,5.0
DREE7UCDU7JASMGR,3.4
DREE8UGV4TPYFQH6,1.0
DREEABATS5YMYF5A,5.0
DREE2RUNXZFKGGFZ,5.0
DREE4ZYTZ3KX9PUH,3.0
STIE88KNANBFKHYM,4.0
SNDEY6HQYPH8BYJ2,1.0
SNDDY9P9WFPBVWTF,2.7
SNDEY6HQWYYVMQUG,4.5
SNDDYZ4XV6SZWZZY,2.0
SNDEY6HQXF68TNK7,2.0
SNDEYTSCGHWWHG89,1.0
SHODYZ6SYRMHDYPB,4.0
SNDEY8UH5TZ2AJCK,2.0
STIE2ZEPACRQJKH7,4.0
SNDDX969ZZJJKSHB,5.0
